time,node,timestamp,result,channel,duration
36,3,36.0,succ,0,2700
2763,0,63.0,succ,0,2700
5472,0,9.0,succ,0,2700
8190,0,18.0,succ,0,2700
10908,2,108.0,succ,0,2700
13626,3,90.0,succ,0,2700
16335,1,135.0,coll,0,2700
16335,4,135.0,coll,0,2700
16371,2,54.0,coll,0,2700
16371,3,36.0,coll,0,2700
16425,0,117.0,succ,0,2700
19134,4,216.0,succ,0,2700
21843,1,225.0,succ,0,2700
24570,2,144.0,succ,0,2700
49995,0,22770.0,coll,0,2700
49995,1,22752.0,coll,0,2700
49995,2,22725.0,coll,0,2700
49995,3,22851.0,coll,0,2700
49995,4,22761.0,coll,0,2700
50058,4,22815.0,succ,0,2700
52767,3,22914.0,succ,0,2700
55485,2,22806.0,succ,0,2700
58194,1,22842.0,succ,0,2700
60912,0,22878.0,coll,0,2700
60912,2,27.0,coll,0,2700
60957,3,81.0,succ,0,2700
63657,3,0.0,succ,0,2700
66357,3,0.0,succ,0,2700
69075,3,18.0,succ,0,2700
71775,3,0.0,succ,0,2700
74493,0,22950.0,succ,0,2700
0,8,0.0,succ,1,2700
2709,6,9.0,succ,1,2700
5418,6,9.0,succ,1,2700
8127,10,27.0,succ,1,2700
10845,9,45.0,coll,1,2700
10845,12,45.0,coll,1,2700
10863,12,54.0,succ,1,2700
13572,10,36.0,succ,1,2700
16290,5,81.0,coll,1,2700
16290,9,81.0,coll,1,2700
16308,10,27.0,coll,1,2700
16308,11,90.0,coll,1,2700
16308,13,90.0,coll,1,2700
16326,10,36.0,coll,1,2700
16326,13,99.0,coll,1,2700
16344,7,108.0,succ,1,2700
19053,10,54.0,succ,1,2700
21762,14,126.0,succ,1,2700
24471,8,135.0,coll,1,2700
24471,12,81.0,coll,1,2700
24489,13,144.0,succ,1,2700
27198,6,135.0,coll,1,2700
27198,11,153.0,coll,1,2700
27216,9,162.0,succ,1,2700
29934,8,180.0,coll,1,2700
29934,9,18.0,coll,1,2700
29934,12,126.0,coll,1,2700
29943,9,18.0,succ,1,2700
49995,5,17532.0,coll,1,2700
49995,6,17514.0,coll,1,2700
49995,7,17424.0,coll,1,2700
49995,8,17532.0,coll,1,2700
49995,9,17352.0,coll,1,2700
49995,10,17415.0,coll,1,2700
49995,11,17532.0,coll,1,2700
49995,12,17478.0,coll,1,2700
49995,13,17388.0,coll,1,2700
49995,14,17406.0,coll,1,2700
50013,9,17361.0,succ,1,2700
52740,12,17514.0,succ,1,2700
55467,6,17577.0,coll,1,2700
55467,8,17595.0,coll,1,2700
55485,12,36.0,succ,1,2700
58185,12,0.0,succ,1,2700
60903,6,17604.0,coll,1,2700
60903,7,17514.0,coll,1,2700
60903,8,17622.0,coll,1,2700
60903,13,17478.0,coll,1,2700
60903,14,17496.0,coll,1,2700
60921,11,17631.0,succ,1,2700
63630,10,17523.0,succ,1,2700
66348,6,17640.0,succ,1,2700
69057,5,17667.0,coll,1,2700
69057,9,126.0,coll,1,2700
69075,10,36.0,coll,1,2700
69075,13,17532.0,coll,1,2700
69093,12,81.0,coll,1,2700
69093,14,17559.0,coll,1,2700
69111,7,17586.0,succ,1,2700
71820,8,17703.0,coll,1,2700
71820,9,162.0,coll,1,2700
71847,10,81.0,succ,1,2700
74556,8,17730.0,succ,1,2700
77265,9,198.0,coll,1,2700
77265,10,18.0,coll,1,2700
77265,13,17595.0,coll,1,2700
77265,14,17613.0,coll,1,2700
77274,13,17595.0,succ,1,2700
79983,12,144.0,succ,1,2700
82692,7,63.0,coll,1,2700
82692,9,216.0,coll,1,2700
82710,11,135.0,succ,1,2700
85419,5,17775.0,coll,1,2700
85419,9,234.0,coll,1,2700
85437,6,126.0,coll,1,2700
85437,12,36.0,coll,1,2700
85455,11,27.0,succ,1,2700
88182,6,162.0,coll,1,2700
88182,13,81.0,coll,1,2700
88209,10,117.0,coll,1,2700
88209,11,45.0,coll,1,2700
88227,7,153.0,succ,1,2700
90936,7,9.0,coll,1,2700
90936,14,17730.0,coll,1,2700
90954,5,17865.0,coll,1,2700
90954,8,135.0,coll,1,2700
90981,8,153.0,succ,1,2700
93690,11,99.0,coll,1,2700
93690,12,144.0,coll,1,2700
93708,13,162.0,succ,1,2700
96417,9,369.0,succ,1,2700
99135,6,270.0,succ,1,2700
101862,7,108.0,coll,1,2700
101862,13,54.0,coll,1,2700
101889,5,17973.0,coll,1,2700
101889,10,252.0,coll,1,2700
101898,5,17973.0,succ,1,2700
104607,9,72.0,coll,1,2700
104607,13,81.0,coll,1,2700
104625,14,17865.0,succ,1,2700
107343,11,216.0,coll,1,2700
107343,13,108.0,coll,1,2700
107361,8,135.0,coll,1,2700
107361,12,270.0,coll,1,2700
107361,13,117.0,coll,1,2700
107361,14,27.0,coll,1,2700
107397,6,117.0,coll,1,2700
107397,11,252.0,coll,1,2700
107424,13,162.0,succ,1,2700
110133,5,99.0,coll,1,2700
110133,7,225.0,coll,1,2700
110151,7,234.0,succ,1,2700
112860,5,117.0,coll,1,2700
112860,14,99.0,coll,1,2700
112878,7,18.0,coll,1,2700
112878,9,189.0,coll,1,2700
112896,6,180.0,coll,1,2700
112896,10,387.0,coll,1,2700
112923,8,243.0,succ,1,2700
115623,8,0.0,succ,1,2700
118332,12,387.0,succ,1,2700
121041,8,18.0,succ,1,2700
123759,6,234.0,coll,1,2700
123759,11,369.0,coll,1,2700
123759,14,171.0,coll,1,2700
123768,14,171.0,succ,1,2700
126477,6,243.0,succ,1,2700
129186,5,207.0,coll,1,2700
129186,7,99.0,coll,1,2700
129186,13,117.0,coll,1,2700
129186,14,18.0,coll,1,2700
129204,9,279.0,coll,1,2700
129204,10,468.0,coll,1,2700
129222,9,288.0,succ,1,2700
131931,12,72.0,coll,1,2700
131931,14,45.0,coll,1,2700
131940,14,45.0,succ,1,2700
134649,7,135.0,succ,1,2700
137358,5,252.0,coll,1,2700
137358,10,504.0,coll,1,2700
137376,13,171.0,succ,1,2700
140085,6,72.0,succ,1,2700
142794,6,9.0,succ,1,2700
145503,8,117.0,coll,1,2700
145503,11,468.0,coll,1,2700
145530,7,63.0,succ,1,2700
148257,12,171.0,succ,1,2700
150975,9,126.0,coll,1,2700
150975,10,603.0,coll,1,2700
150993,5,360.0,coll,1,2700
150993,13,99.0,coll,1,2700
150993,14,126.0,coll,1,2700
151002,5,360.0,coll,1,2700
151002,14,126.0,coll,1,2700
151029,8,207.0,succ,1,2700
153738,6,108.0,coll,1,2700
153738,9,162.0,coll,1,2700
153738,11,567.0,coll,1,2700
153756,11,576.0,succ,1,2700
156456,11,0.0,succ,1,2700
159174,7,108.0,succ,1,2700
161874,7,0.0,succ,1,2700
164583,10,675.0,succ,1,2700
167310,9,225.0,coll,1,2700
167310,12,117.0,coll,1,2700
167328,10,36.0,coll,1,2700
167328,13,198.0,coll,1,2700
167346,11,72.0,succ,1,2700
170064,5,486.0,succ,1,2700
172773,6,216.0,coll,1,2700
172773,7,81.0,coll,1,2700
172773,14,261.0,coll,1,2700
172782,7,81.0,succ,1,2700
175491,6,225.0,succ,1,2700
178200,8,135.0,succ,1,2700
180909,12,189.0,coll,1,2700
180909,13,261.0,coll,1,2700
180927,11,63.0,succ,1,2700
183663,10,144.0,coll,1,2700
183663,13,306.0,coll,1,2700
183681,6,72.0,coll,1,2700
183681,9,351.0,coll,1,2700
183681,12,243.0,coll,1,2700
183699,8,72.0,succ,1,2700
186408,14,360.0,succ,1,2700
189108,14,0.0,succ,1,2700
191817,14,9.0,succ,1,2700
194526,6,108.0,coll,1,2700
194526,11,81.0,coll,1,2700
194544,5,135.0,coll,1,2700
194544,7,126.0,coll,1,2700
194553,7,126.0,succ,1,2700
197271,6,135.0,coll,1,2700
197271,9,414.0,coll,1,2700
197271,11,108.0,coll,1,2700
197289,9,423.0,succ,1,2700
199989,9,0.0,succ,1,2700
202707,13,405.0,succ,1,2700
205425,10,261.0,succ,1,2700
208134,12,360.0,coll,1,2700
208134,14,90.0,coll,1,2700
208152,7,81.0,succ,1,2700
210861,9,63.0,succ,1,2700
213570,6,216.0,coll,1,2700
213570,7,18.0,coll,1,2700
213570,8,135.0,coll,1,2700
213597,9,27.0,succ,1,2700
216306,5,261.0,succ,1,2700
219015,9,18.0,coll,1,2700
219015,12,423.0,coll,1,2700
219015,14,153.0,coll,1,2700
219042,5,27.0,coll,1,2700
219042,10,90.0,coll,1,2700
219042,11,243.0,coll,1,2700
219069,13,126.0,succ,1,2700
221778,6,297.0,succ,1,2700
224496,12,486.0,succ,1,2700
227205,7,126.0,succ,1,2700
229923,8,261.0,succ,1,2700
232632,5,108.0,coll,1,2700
232632,6,54.0,coll,1,2700
232632,10,171.0,coll,1,2700
232632,14,252.0,coll,1,2700
232650,13,72.0,succ,1,2700
235359,6,72.0,coll,1,2700
235359,12,54.0,coll,1,2700
235359,14,270.0,coll,1,2700
235377,5,135.0,coll,1,2700
235377,12,63.0,coll,1,2700
235377,13,18.0,coll,1,2700
235395,9,153.0,coll,1,2700
235395,11,360.0,coll,1,2700
235422,7,81.0,succ,1,2700
238140,9,189.0,coll,1,2700
238140,13,63.0,coll,1,2700
238158,10,252.0,succ,1,2700
240867,6,144.0,succ,1,2700
243576,5,207.0,succ,1,2700
246294,5,18.0,coll,1,2700
246294,12,153.0,coll,1,2700
246294,14,369.0,coll,1,2700
246303,14,369.0,succ,1,2700
249012,8,135.0,coll,1,2700
249012,10,45.0,coll,1,2700
249030,7,81.0,succ,1,2700
251748,6,63.0,coll,1,2700
251748,7,18.0,coll,1,2700
251748,9,270.0,coll,1,2700
251748,10,72.0,coll,1,2700
251748,11,477.0,coll,1,2700
251757,6,63.0,coll,1,2700
251757,10,72.0,coll,1,2700
251811,11,522.0,coll,1,2700
251811,13,189.0,coll,1,2700
251829,7,72.0,succ,1,2700
254529,7,0.0,succ,1,2700
257247,8,234.0,coll,1,2700
257247,13,216.0,coll,1,2700
257256,13,216.0,succ,1,2700
259965,6,144.0,coll,1,2700
259965,11,558.0,coll,1,2700
259965,14,117.0,coll,1,2700
259992,5,153.0,coll,1,2700
259992,12,288.0,coll,1,2700
260019,10,189.0,succ,1,2700
262719,10,0.0,succ,1,2700
265428,9,396.0,succ,1,2700
268137,14,171.0,succ,1,2700
270837,14,0.0,succ,1,2700
273546,11,621.0,succ,1,2700
276255,8,315.0,succ,1,2700
278964,7,108.0,succ,1,2700
281673,14,36.0,succ,1,2700
284373,14,0.0,succ,1,2700
287082,6,243.0,coll,1,2700
287082,13,108.0,coll,1,2700
287100,12,378.0,succ,1,2700
289809,14,27.0,succ,1,2700
292518,5,261.0,succ,1,2700
295236,9,99.0,coll,1,2700
295236,10,108.0,coll,1,2700
295245,10,108.0,succ,1,2700
297954,6,297.0,succ,1,2700
300672,11,108.0,succ,1,2700
303381,8,108.0,succ,1,2700
306081,8,0.0,succ,1,2700
308790,14,72.0,succ,1,2700
311499,7,117.0,succ,1,2700
314208,11,36.0,succ,1,2700
316917,8,36.0,coll,1,2700
316917,12,108.0,coll,1,2700
316917,13,225.0,coll,1,2700
316935,5,99.0,succ,1,2700
319662,5,27.0,succ,1,2700
322380,10,126.0,coll,1,2700
322380,14,81.0,coll,1,2700
322398,9,234.0,succ,1,2700
325107,6,135.0,coll,1,2700
325107,7,90.0,coll,1,2700
325107,9,9.0,coll,1,2700
325107,11,81.0,coll,1,2700
325143,8,135.0,succ,1,2700
327861,6,180.0,coll,1,2700
327861,7,135.0,coll,1,2700
327861,10,189.0,coll,1,2700
327861,12,225.0,coll,1,2700
327861,13,342.0,coll,1,2700
327861,14,144.0,coll,1,2700
327897,8,45.0,succ,1,2700
330597,8,0.0,succ,1,2700
333306,6,216.0,coll,1,2700
333306,8,9.0,coll,1,2700
333324,5,126.0,coll,1,2700
333324,9,99.0,coll,1,2700
333342,6,234.0,coll,1,2700
333342,13,396.0,coll,1,2700
333369,7,207.0,succ,1,2700
336078,11,207.0,succ,1,2700
338787,5,171.0,coll,1,2700
338787,7,18.0,coll,1,2700
338787,14,234.0,coll,1,2700
338805,7,27.0,coll,1,2700
338805,10,288.0,coll,1,2700
338823,5,189.0,coll,1,2700
338823,12,333.0,coll,1,2700
338823,14,252.0,coll,1,2700
338841,14,261.0,succ,1,2700
341550,11,45.0,succ,1,2700
344250,11,0.0,succ,1,2700
346959,5,216.0,coll,1,2700
346959,13,477.0,coll,1,2700
346977,6,324.0,coll,1,2700
346977,8,117.0,coll,1,2700
346995,10,342.0,succ,1,2700
349704,5,243.0,coll,1,2700
349704,9,216.0,coll,1,2700
349713,9,216.0,succ,1,2700
352422,10,18.0,coll,1,2700
352422,13,513.0,coll,1,2700
352449,8,162.0,coll,1,2700
352449,13,531.0,coll,1,2700
352467,7,126.0,coll,1,2700
352467,11,72.0,coll,1,2700
352467,13,540.0,coll,1,2700
352467,14,81.0,coll,1,2700
352476,14,81.0,succ,1,2700
355185,14,9.0,succ,1,2700
357903,9,63.0,succ,1,2700
360612,12,459.0,succ,1,2700
363321,5,324.0,succ,1,2700
366030,7,180.0,succ,1,2700
368739,8,234.0,succ,1,2700
371439,8,0.0,succ,1,2700
374148,6,450.0,coll,1,2700
374148,10,117.0,coll,1,2700
374166,5,36.0,coll,1,2700
374166,10,126.0,coll,1,2700
374166,12,45.0,coll,1,2700
374184,8,27.0,succ,1,2700
376893,5,54.0,succ,1,2700
379611,12,81.0,succ,1,2700
382311,12,0.0,succ,1,2700
385020,5,27.0,coll,1,2700
385020,11,198.0,coll,1,2700
385020,13,666.0,coll,1,2700
385038,7,81.0,coll,1,2700
385038,14,126.0,coll,1,2700
385047,7,81.0,succ,1,2700
387756,7,9.0,succ,1,2700
390465,7,9.0,coll,1,2700
390465,12,36.0,coll,1,2700
390474,7,9.0,succ,1,2700
393183,8,72.0,coll,1,2700
393183,9,135.0,coll,1,2700
393183,14,153.0,coll,1,2700
393192,9,135.0,succ,1,2700
395901,7,18.0,coll,1,2700
395901,12,54.0,coll,1,2700
395919,6,558.0,succ,1,2700
398637,5,99.0,coll,1,2700
398637,10,243.0,coll,1,2700
398637,11,270.0,coll,1,2700
398637,14,189.0,coll,1,2700
398655,10,252.0,succ,1,2700
401364,6,36.0,coll,1,2700
401364,12,99.0,coll,1,2700
401382,8,135.0,succ,1,2700
404091,9,72.0,coll,1,2700
404091,11,306.0,coll,1,2700
404109,10,36.0,succ,1,2700
406818,14,243.0,succ,1,2700
409527,13,801.0,succ,1,2700
412236,10,27.0,coll,1,2700
412236,11,342.0,coll,1,2700
412254,6,99.0,coll,1,2700
412254,13,18.0,coll,1,2700
412272,5,189.0,succ,1,2700
414981,9,135.0,coll,1,2700
414981,13,36.0,coll,1,2700
414999,5,18.0,coll,1,2700
414999,6,126.0,coll,1,2700
414999,7,153.0,coll,1,2700
414999,9,144.0,coll,1,2700
415008,9,144.0,succ,1,2700
417735,6,153.0,succ,1,2700
420453,8,126.0,coll,1,2700
420453,10,108.0,coll,1,2700
420453,11,423.0,coll,1,2700
420453,12,234.0,coll,1,2700
420453,13,90.0,coll,1,2700
420471,14,108.0,succ,1,2700
423180,5,81.0,coll,1,2700
423180,10,126.0,coll,1,2700
423180,13,108.0,coll,1,2700
423207,7,234.0,coll,1,2700
423207,10,144.0,coll,1,2700
423207,14,27.0,coll,1,2700
423225,11,468.0,succ,1,2700
425934,9,99.0,coll,1,2700
425934,12,288.0,coll,1,2700
425934,13,144.0,coll,1,2700
425952,9,108.0,coll,1,2700
425952,10,171.0,coll,1,2700
425970,6,90.0,coll,1,2700
425970,7,270.0,coll,1,2700
425970,14,63.0,coll,1,2700
425988,10,189.0,succ,1,2700
428697,12,324.0,succ,1,2700
431406,8,225.0,succ,1,2700
434133,5,189.0,succ,1,2700
436842,10,54.0,succ,1,2700
439542,10,0.0,succ,1,2700
442260,12,63.0,succ,1,2700
444969,11,117.0,succ,1,2700
447678,6,189.0,coll,1,2700
447678,10,36.0,coll,1,2700
447696,13,270.0,succ,1,2700
450405,11,27.0,succ,1,2700
453105,11,0.0,succ,1,2700
455814,7,396.0,coll,1,2700
455814,9,243.0,coll,1,2700
455814,14,189.0,coll,1,2700
455832,8,108.0,succ,1,2700
458550,6,243.0,coll,1,2700
458550,11,36.0,coll,1,2700
458559,6,243.0,succ,1,2700
461268,5,108.0,succ,1,2700
463977,6,18.0,succ,1,2700
466695,10,126.0,succ,1,2700
469404,8,63.0,coll,1,2700
469404,12,117.0,coll,1,2700
469413,8,63.0,succ,1,2700
472131,7,486.0,coll,1,2700
472131,13,108.0,coll,1,2700
472167,9,360.0,coll,1,2700
472167,14,306.0,coll,1,2700
472185,10,63.0,coll,1,2700
472185,14,315.0,coll,1,2700
472203,13,153.0,succ,1,2700
474912,5,108.0,coll,1,2700
474912,14,333.0,coll,1,2700
474930,12,198.0,succ,1,2700
477639,11,171.0,succ,1,2700
480348,6,126.0,succ,1,2700
483057,6,9.0,coll,1,2700
483057,13,45.0,coll,1,2700
483075,8,117.0,succ,1,2700
485775,8,0.0,succ,1,2700
488484,12,45.0,succ,1,2700
491193,6,36.0,succ,1,2700
493902,9,459.0,coll,1,2700
493902,14,405.0,coll,1,2700
493920,7,621.0,succ,1,2700
496620,7,0.0,succ,1,2700
499329,5,198.0,succ,1,2700
502038,6,36.0,succ,1,2700
504747,11,90.0,succ,1,2700
507456,10,198.0,coll,1,2700
507456,12,63.0,coll,1,2700
507474,5,36.0,coll,1,2700
507474,13,135.0,coll,1,2700
507492,11,27.0,succ,1,2700
510201,14,477.0,succ,1,2700
512928,11,36.0,succ,1,2700
515637,6,81.0,coll,1,2700
515637,8,135.0,coll,1,2700
515637,9,567.0,coll,1,2700
515637,10,261.0,coll,1,2700
515637,12,126.0,coll,1,2700
515637,14,36.0,coll,1,2700
515664,7,117.0,coll,1,2700
515664,10,279.0,coll,1,2700
515700,11,54.0,coll,1,2700
515700,12,171.0,coll,1,2700
515718,5,144.0,coll,1,2700
515718,6,135.0,coll,1,2700
515727,6,135.0,succ,1,2700
518445,12,198.0,succ,1,2700
521154,10,342.0,coll,1,2700
521154,13,270.0,coll,1,2700
521172,11,99.0,coll,1,2700
521172,14,126.0,coll,1,2700
521190,7,198.0,coll,1,2700
521190,11,108.0,coll,1,2700
521208,8,243.0,coll,1,2700
521208,13,297.0,coll,1,2700
521226,12,45.0,coll,1,2700
521226,13,306.0,coll,1,2700
521235,12,45.0,succ,1,2700
523944,6,72.0,coll,1,2700
523944,9,693.0,coll,1,2700
523962,6,81.0,succ,1,2700
526689,5,252.0,coll,1,2700
526689,10,423.0,coll,1,2700
526689,11,171.0,coll,1,2700
526689,13,351.0,coll,1,2700
526707,7,270.0,coll,1,2700
526707,8,306.0,coll,1,2700
526707,11,180.0,coll,1,2700
526716,7,270.0,coll,1,2700
526716,11,180.0,coll,1,2700
526743,7,288.0,coll,1,2700
526743,14,225.0,coll,1,2700
526770,5,297.0,coll,1,2700
526770,8,342.0,coll,1,2700
526797,9,792.0,succ,1,2700
529506,5,324.0,succ,1,2700
532224,11,261.0,coll,1,2700
532224,12,135.0,coll,1,2700
532242,6,126.0,succ,1,2700
534951,9,45.0,coll,1,2700
534951,14,306.0,coll,1,2700
534969,7,378.0,succ,1,2700
537678,5,54.0,succ,1,2700
540387,9,72.0,coll,1,2700
540387,10,558.0,coll,1,2700
540387,13,486.0,coll,1,2700
540405,10,567.0,succ,1,2700
543123,8,459.0,succ,1,2700
545841,5,54.0,coll,1,2700
545841,9,117.0,coll,1,2700
545841,11,351.0,coll,1,2700
545850,11,351.0,succ,1,2700
548577,6,108.0,coll,1,2700
548577,7,90.0,coll,1,2700
548577,8,45.0,coll,1,2700
548577,14,405.0,coll,1,2700
548595,5,90.0,coll,1,2700
548595,12,261.0,coll,1,2700
548622,9,171.0,succ,1,2700
551331,7,126.0,succ,1,2700
554040,6,153.0,coll,1,2700
554040,12,297.0,coll,1,2700
554058,13,612.0,succ,1,2700
556767,5,144.0,coll,1,2700
556767,10,126.0,coll,1,2700
556785,8,117.0,coll,1,2700
556785,10,135.0,coll,1,2700
556812,11,117.0,succ,1,2700
559530,7,72.0,succ,1,2700
562239,14,522.0,succ,1,2700
564939,14,0.0,succ,1,2700
567648,6,234.0,succ,1,2700
570357,12,387.0,succ,1,2700
573066,5,225.0,coll,1,2700
573066,13,90.0,coll,1,2700
573084,9,126.0,coll,1,2700
573084,10,216.0,coll,1,2700
573084,12,18.0,coll,1,2700
573093,9,126.0,succ,1,2700
575802,12,27.0,succ,1,2700
578511,13,117.0,succ,1,2700
581220,11,90.0,coll,1,2700
581220,14,63.0,coll,1,2700
581238,8,234.0,coll,1,2700
581238,11,99.0,coll,1,2700
581247,11,99.0,succ,1,2700
583956,7,90.0,coll,1,2700
583956,13,27.0,coll,1,2700
583974,6,81.0,succ,1,2700
586692,8,270.0,coll,1,2700
586692,11,36.0,coll,1,2700
586719,12,81.0,succ,1,2700
589437,5,342.0,coll,1,2700
589437,7,153.0,coll,1,2700
589437,10,324.0,coll,1,2700
589455,6,63.0,coll,1,2700
589455,9,117.0,coll,1,2700
589455,14,153.0,coll,1,2700
589473,7,171.0,coll,1,2700
589473,8,324.0,coll,1,2700
589473,13,108.0,coll,1,2700
589509,7,198.0,succ,1,2700
592227,5,405.0,succ,1,2700
594936,11,144.0,succ,1,2700
597636,11,0.0,succ,1,2700
600345,9,189.0,coll,1,2700
600345,10,405.0,coll,1,2700
600363,12,108.0,succ,1,2700
603081,14,252.0,succ,1,2700
605799,13,216.0,succ,1,2700
608508,7,90.0,coll,1,2700
608508,8,441.0,coll,1,2700
608508,11,63.0,coll,1,2700
608526,6,198.0,coll,1,2700
608526,13,18.0,coll,1,2700
608535,6,198.0,succ,1,2700
611262,10,495.0,coll,1,2700
611262,11,99.0,coll,1,2700
611262,12,81.0,coll,1,2700
611262,14,63.0,coll,1,2700
611280,7,135.0,coll,1,2700
611280,9,288.0,coll,1,2700
611298,5,126.0,coll,1,2700
611298,11,117.0,coll,1,2700
611325,14,99.0,succ,1,2700
614043,8,531.0,coll,1,2700
614043,13,99.0,coll,1,2700
614043,14,18.0,coll,1,2700
614061,7,189.0,succ,1,2700
616770,12,153.0,succ,1,2700
619479,9,360.0,succ,1,2700
622188,10,585.0,succ,1,2700
624897,6,126.0,succ,1,2700
627615,14,81.0,succ,1,2700
630324,6,27.0,succ,1,2700
633033,8,612.0,succ,1,2700
635742,5,252.0,coll,1,2700
635742,11,243.0,coll,1,2700
635760,7,90.0,succ,1,2700
638478,12,99.0,succ,1,2700
641187,6,54.0,coll,1,2700
641187,13,225.0,coll,1,2700
641214,7,45.0,coll,1,2700
641214,9,117.0,coll,1,2700
641232,5,315.0,succ,1,2700
643941,5,9.0,succ,1,2700
646650,10,135.0,coll,1,2700
646650,14,108.0,coll,1,2700
646668,7,81.0,succ,1,2700
649386,11,351.0,succ,1,2700
652095,10,171.0,succ,1,2700
654804,8,135.0,coll,1,2700
654804,10,9.0,coll,1,2700
654822,9,198.0,succ,1,2700
657531,7,54.0,succ,1,2700
660240,6,171.0,coll,1,2700
660240,12,126.0,coll,1,2700
660258,12,135.0,succ,1,2700
662967,13,360.0,succ,1,2700
665676,7,36.0,coll,1,2700
665676,9,45.0,coll,1,2700
665694,6,207.0,coll,1,2700
665694,10,72.0,coll,1,2700
665694,14,216.0,coll,1,2700
665712,5,126.0,succ,1,2700
668421,5,9.0,succ,1,2700
671130,5,9.0,coll,1,2700
671130,7,72.0,coll,1,2700
671148,7,81.0,coll,1,2700
671148,11,117.0,coll,1,2700
671148,12,63.0,coll,1,2700
671175,6,261.0,succ,1,2700
673884,8,261.0,coll,1,2700
673884,10,135.0,coll,1,2700
673893,8,261.0,succ,1,2700
676602,13,90.0,succ,1,2700
679320,13,18.0,succ,1,2700
682029,12,126.0,succ,1,2700
684738,5,90.0,coll,1,2700
684738,9,162.0,coll,1,2700
684756,6,63.0,coll,1,2700
684756,14,333.0,coll,1,2700
684783,6,81.0,coll,1,2700
684783,8,72.0,coll,1,2700
684783,11,216.0,coll,1,2700
684801,7,189.0,succ,1,2700
687510,10,225.0,succ,1,2700
690210,10,0.0,succ,1,2700
692928,5,153.0,succ,1,2700
695637,5,9.0,coll,1,2700
695637,13,90.0,coll,1,2700
695664,12,99.0,coll,1,2700
695664,14,414.0,coll,1,2700
695682,6,153.0,coll,1,2700
695682,9,261.0,coll,1,2700
695700,7,72.0,coll,1,2700
695700,13,126.0,coll,1,2700
695718,11,306.0,succ,1,2700
698427,5,63.0,succ,1,2700
701145,8,189.0,coll,1,2700
701145,13,162.0,coll,1,2700
701145,14,468.0,coll,1,2700
701172,10,117.0,coll,1,2700
701172,12,171.0,coll,1,2700
701208,13,207.0,succ,1,2700
703917,7,162.0,coll,1,2700
703917,8,243.0,coll,1,2700
703917,9,360.0,coll,1,2700
703944,6,270.0,succ,1,2700
706653,8,270.0,succ,1,2700
709362,5,108.0,succ,1,2700
712071,10,198.0,coll,1,2700
712071,11,126.0,coll,1,2700
712071,14,567.0,coll,1,2700
712080,11,126.0,succ,1,2700
714789,6,36.0,coll,1,2700
714789,12,261.0,coll,1,2700
714807,9,423.0,coll,1,2700
714807,13,72.0,coll,1,2700
714816,9,423.0,succ,1,2700
717534,12,288.0,succ,1,2700
720243,13,99.0,succ,1,2700
722952,7,261.0,coll,1,2700
722952,10,252.0,coll,1,2700
722979,9,54.0,succ,1,2700
725706,5,108.0,coll,1,2700
725706,6,126.0,coll,1,2700
725706,11,99.0,coll,1,2700
725724,11,108.0,coll,1,2700
725724,14,675.0,coll,1,2700
725742,8,135.0,coll,1,2700
725742,10,315.0,coll,1,2700
725769,5,144.0,succ,1,2700
728478,5,9.0,coll,1,2700
728478,13,99.0,coll,1,2700
728496,8,171.0,coll,1,2700
728496,13,108.0,coll,1,2700
728514,13,117.0,succ,1,2700
731223,12,135.0,succ,1,2700
733932,7,387.0,succ,1,2700
736641,14,756.0,succ,1,2700
739359,5,72.0,coll,1,2700
739359,9,135.0,coll,1,2700
739359,13,45.0,coll,1,2700
739377,6,243.0,coll,1,2700
739377,10,414.0,coll,1,2700
739386,10,414.0,succ,1,2700
742095,6,252.0,coll,1,2700
742095,10,9.0,coll,1,2700
742113,8,252.0,coll,1,2700
742113,9,162.0,coll,1,2700
742113,11,234.0,coll,1,2700
742113,13,72.0,coll,1,2700
742140,12,81.0,succ,1,2700
744849,14,72.0,succ,1,2700
747558,5,135.0,succ,1,2700
750276,10,72.0,coll,1,2700
750276,11,288.0,coll,1,2700
750276,12,36.0,coll,1,2700
750294,10,81.0,succ,1,2700
753003,7,126.0,succ,1,2700
755712,13,153.0,succ,1,2700
758421,5,54.0,coll,1,2700
758421,6,351.0,coll,1,2700
758421,7,18.0,coll,1,2700
758421,9,252.0,coll,1,2700
758439,14,72.0,succ,1,2700
761157,7,45.0,coll,1,2700
761157,8,369.0,coll,1,2700
761184,11,369.0,coll,1,2700
761184,13,54.0,coll,1,2700
761202,10,81.0,succ,1,2700
763920,13,81.0,succ,1,2700
766638,8,432.0,succ,1,2700
769338,8,0.0,succ,1,2700
772047,8,9.0,coll,1,2700
772047,12,171.0,coll,1,2700
772047,14,90.0,coll,1,2700
772065,5,162.0,coll,1,2700
772065,7,126.0,coll,1,2700
772065,9,360.0,coll,1,2700
772065,11,432.0,coll,1,2700
772065,12,180.0,coll,1,2700
772083,6,468.0,succ,1,2700
774810,7,162.0,coll,1,2700
774810,8,54.0,coll,1,2700
774810,9,396.0,coll,1,2700
774828,5,207.0,succ,1,2700
777537,6,45.0,succ,1,2700
780246,13,99.0,succ,1,2700
782955,10,126.0,succ,1,2700
785655,10,0.0,succ,1,2700
788373,11,522.0,succ,1,2700
791082,5,54.0,succ,1,2700
793791,8,126.0,coll,1,2700
793791,12,288.0,coll,1,2700
793809,14,216.0,succ,1,2700
796527,7,261.0,coll,1,2700
796527,14,18.0,coll,1,2700
796545,10,72.0,succ,1,2700
799254,11,63.0,succ,1,2700
801963,5,63.0,coll,1,2700
801963,6,108.0,coll,1,2700
801972,5,63.0,succ,1,2700
804681,6,117.0,coll,1,2700
804681,8,189.0,coll,1,2700
804681,9,531.0,coll,1,2700
804681,10,27.0,coll,1,2700
804708,5,27.0,coll,1,2700
804708,13,126.0,coll,1,2700
804726,12,378.0,succ,1,2700
807435,7,333.0,succ,1,2700
810144,11,63.0,coll,1,2700
810144,12,18.0,coll,1,2700
810162,8,243.0,succ,1,2700
812880,5,81.0,coll,1,2700
812880,10,99.0,coll,1,2700
812889,10,99.0,succ,1,2700
815607,14,144.0,succ,1,2700
818316,9,630.0,succ,1,2700
821025,9,9.0,succ,1,2700
823743,6,243.0,coll,1,2700
823743,11,144.0,coll,1,2700
823761,7,99.0,succ,1,2700
826470,11,162.0,coll,1,2700
826470,12,117.0,coll,1,2700
826470,13,252.0,coll,1,2700
826488,8,99.0,succ,1,2700
829197,10,90.0,coll,1,2700
829197,12,135.0,coll,1,2700
829197,13,270.0,coll,1,2700
829206,13,270.0,succ,1,2700
831915,5,180.0,succ,1,2700
834633,7,54.0,coll,1,2700
834633,9,81.0,coll,1,2700
834660,7,72.0,coll,1,2700
834660,14,117.0,coll,1,2700
834687,6,342.0,succ,1,2700
837423,6,36.0,coll,1,2700
837423,11,279.0,coll,1,2700
837450,8,126.0,coll,1,2700
837450,10,207.0,coll,1,2700
837450,11,297.0,coll,1,2700
837468,7,153.0,succ,1,2700
840177,5,126.0,coll,1,2700
840177,12,270.0,coll,1,2700
840177,13,135.0,coll,1,2700
840195,9,198.0,succ,1,2700
842904,14,225.0,succ,1,2700
845631,6,117.0,coll,1,2700
845631,8,189.0,coll,1,2700
845658,10,288.0,succ,1,2700
848376,13,216.0,coll,1,2700
848376,14,63.0,coll,1,2700
848394,11,405.0,succ,1,2700
851094,11,0.0,succ,1,2700
853803,5,225.0,coll,1,2700
853803,7,108.0,coll,1,2700
853821,8,252.0,succ,1,2700
856539,6,198.0,coll,1,2700
856539,12,396.0,coll,1,2700
856566,9,135.0,succ,1,2700
859275,7,162.0,coll,1,2700
859275,10,90.0,coll,1,2700
859275,13,288.0,coll,1,2700
859284,7,162.0,succ,1,2700
862011,11,90.0,coll,1,2700
862011,12,450.0,coll,1,2700
862029,7,36.0,succ,1,2700
864756,6,288.0,coll,1,2700
864756,14,198.0,coll,1,2700
864774,5,351.0,coll,1,2700
864774,9,81.0,coll,1,2700
864774,12,495.0,coll,1,2700
864792,8,126.0,coll,1,2700
864792,11,144.0,coll,1,2700
864801,11,144.0,succ,1,2700
867528,7,72.0,coll,1,2700
867528,10,198.0,coll,1,2700
867546,6,342.0,coll,1,2700
867546,11,36.0,coll,1,2700
867564,8,171.0,coll,1,2700
867564,13,414.0,coll,1,2700
867564,14,261.0,coll,1,2700
867582,10,225.0,succ,1,2700
870291,8,189.0,coll,1,2700
870291,10,9.0,coll,1,2700
870300,10,9.0,succ,1,2700
873009,9,162.0,coll,1,2700
873009,12,576.0,coll,1,2700
873036,7,135.0,coll,1,2700
873036,13,459.0,coll,1,2700
873054,14,315.0,succ,1,2700
875754,14,0.0,succ,1,2700
878463,10,45.0,coll,1,2700
878463,14,9.0,coll,1,2700
878481,5,477.0,coll,1,2700
878481,12,621.0,coll,1,2700
878499,6,432.0,coll,1,2700
878499,11,126.0,coll,1,2700
878499,14,27.0,coll,1,2700
878517,9,225.0,succ,1,2700
881235,11,153.0,succ,1,2700
883953,12,675.0,succ,1,2700
886662,8,306.0,succ,1,2700
889380,13,567.0,succ,1,2700
892107,7,270.0,succ,1,2700
894816,10,171.0,succ,1,2700
897525,5,603.0,coll,1,2700
897525,9,108.0,coll,1,2700
897543,6,558.0,coll,1,2700
897543,14,153.0,coll,1,2700
897561,11,108.0,succ,1,2700
